income_group,country_code,year,access_to_electricity,agricultural_land,arable_land,birth_rate,co2_emissions_tons_per_capita,compulsory_education,employers_of_total_population,forest_land,gdp_per_capita,internet_usage,life_expectancy_at_birth,mobile_cellular_subscriptions,open_defecation,basic_sanitation,population_density,population_male,population_total,overweight,women_in_national_parliaments,female_to_male_labor_force,renewable_energie_consumption
High income,HIC,1960,NA,NA,NA,21.576166434033,7.63240627959327,NA,NA,NA,11839.687034128,NA,68.5528339092808,0,NA,NA,NA,48.8981905965723,759783611,NA,NA,NA,NA
High income,HIC,1961,NA,38.4142137489308,10.5840964901483,21.4131365310031,7.70120560345102,NA,NA,NA,12247.2498329239,NA,68.9356688169075,NA,NA,NA,22.0617722857238,48.9183776051259,769499360,NA,NA,NA,NA
High income,HIC,1962,NA,38.3791878612246,10.5121092966882,21.0672723694608,7.95720611997085,NA,NA,NA,12792.4124577018,NA,68.9096477515255,NA,NA,NA,22.3475128981306,48.9397016367786,779465348,NA,NA,NA,NA
High income,HIC,1963,NA,38.3818526766465,10.5760825171194,20.9202741267808,8.29674875828107,NA,NA,NA,13321.1519635697,NA,69.114675801264,NA,NA,NA,22.6311562617028,48.960335250313,789358853,NA,NA,NA,NA
High income,HIC,1964,NA,38.3801410418206,10.5407339481171,20.7672796315736,8.6116257174491,NA,NA,NA,14016.8358860621,NA,69.5101333115946,NA,NA,NA,22.9121522806024,48.9787047626893,799159797,NA,NA,NA,NA
High income,HIC,1965,NA,38.4044489026642,10.5304520755163,20.0427565724378,8.88426857493524,NA,NA,NA,14610.1177272598,NA,69.6158976761422,0,NA,NA,23.1827149138188,48.9932850853977,808596600,NA,NA,NA,NA
High income,HIC,1966,NA,38.4060866511033,10.5115115621177,18.9498075358794,9.17182538782327,NA,NA,NA,15325.2703386199,NA,69.8773624863895,NA,NA,NA,23.4358857999548,49.0035009893676,817426786,NA,NA,NA,NA
High income,HIC,1967,NA,38.4651223276673,10.4729049571038,19.1049193616776,9.4863420532364,NA,NA,NA,15886.0260699543,NA,70.1026995797181,NA,NA,NA,23.6730588753068,49.0097090591045,825698975,NA,NA,NA,NA
High income,HIC,1968,NA,39.1426933630383,10.7027183480776,18.7364246043033,9.8907952534312,NA,NA,NA,16717.2711420009,NA,70.0442829999288,NA,NA,NA,23.9080625164462,49.0142609670314,833895491,NA,NA,NA,NA
High income,HIC,1969,NA,39.0405855281169,10.8799932850016,18.5409279658858,10.4282112494904,NA,NA,NA,17511.4881636839,NA,70.2421620808732,NA,NA,NA,24.1479014171932,49.0193415318146,842260894,NA,NA,NA,NA
High income,HIC,1970,NA,38.4414771191815,10.8038655211129,18.4395085924328,11.2279718249892,NA,NA,NA,17791.7659962196,NA,70.5585896087156,0,NA,NA,24.3859454649711,49.0274112306293,850563450,NA,NA,NA,NA
High income,HIC,1971,NA,38.5220089528863,10.6683312130425,18.1422414899136,11.3183057986569,NA,NA,NA,18276.5585073635,NA,70.8433212282717,NA,NA,NA,24.67255842759,49.0382787195182,860560048,NA,NA,NA,NA
High income,HIC,1972,NA,38.495746494454004,10.6445361659425,17.3001178975632,11.7662069818183,NA,NA,NA,19112.279573455,NA,71.1379460846676,NA,NA,NA,24.9236010751648,49.0489023646271,869313732,NA,NA,NA,NA
High income,HIC,1973,NA,38.3944682752955,10.5546249948197,16.8464945387254,12.2623714066821,NA,NA,NA,20135.3147548479,NA,71.3111096084073,NA,NA,NA,25.1670532182782,49.0603057243376,877805133,NA,NA,NA,NA
High income,HIC,1974,NA,38.4320387525211,10.5341531926615,16.6092262750931,11.8615294333759,NA,NA,NA,20162.565238913,NA,71.721671204237,NA,NA,NA,25.406068961156,49.0711240461344,886141034,NA,NA,NA,NA
High income,HIC,1975,NA,38.4103184189641,10.4890676947503,16.0979114538929,11.371439276372,NA,NA,NA,19978.3359913178,NA,72.0692094503297,0,NA,NA,25.6380853206499,49.0799639850539,894227661,NA,NA,NA,NA
High income,HIC,1976,NA,38.4493239378273,10.5089823093233,15.8620458463718,11.9044671967285,NA,NA,NA,20821.3332320211,NA,72.3301129527485,0,NA,NA,25.8533009354462,49.0865034498836,901732072,NA,NA,NA,NA
High income,HIC,1977,NA,38.1605392475758,10.5257720318179,15.6881081142722,12.0436415690299,NA,NA,NA,21469.2859435714,NA,72.6836552658942,0,NA,NA,26.0657844178542,49.0911272385685,909139852,NA,NA,NA,NA
High income,HIC,1978,NA,38.2202244036686,10.6533486686753,15.4202983015853,12.2539465793564,NA,NA,NA,22186.2103955237,NA,72.8384681030929,0,NA,NA,26.2800112888037,49.094730784834,916611800,NA,NA,NA,NA
High income,HIC,1979,NA,38.1037936691314,10.6680297876929,15.5755726574917,12.4781151493302,NA,NA,NA,22916.3168148702,NA,73.1634019953032,0,NA,NA,26.5047620747825,49.0994910271103,924450013,NA,NA,NA,NA
High income,HIC,1980,NA,38.1406415545016,10.6813489280044,15.5129803499799,12.1180357185394,NA,NA,NA,23049.1582176269,NA,73.1883984889734,0.00255640854106631,NA,NA,26.7235931620719,49.1054818598102,932075328,NA,NA,NA,NA
High income,HIC,1981,NA,38.1271943787277,10.6941197123182,15.2687542824254,11.5333634445754,NA,NA,NA,23298.4895659606,NA,73.5451238463578,0.00917207708698023,NA,NA,26.9415985624113,49.1136929720462,939681156,NA,NA,NA,NA
High income,HIC,1982,NA,38.0520657551783,10.7016138081669,15.1895441324134,11.0179664950454,NA,NA,NA,23131.0789081134,NA,73.8768256981063,0.0145391991918467,NA,NA,27.148879020099,49.1236676786948,946904804,NA,NA,NA,NA
High income,HIC,1983,NA,37.8169620867498,10.690852851994,14.870398973732,10.9061649087708,NA,NA,NA,23588.9507377937,NA,73.977152937534,0.0224266184504767,NA,NA,27.3434035714346,49.1345599088066,953688382,NA,NA,NA,NA
High income,HIC,1984,NA,38.0317420740084,10.7806480581755,14.6341289831596,11.1353705941323,NA,NA,NA,24487.8860069719,NA,74.2564985737026,0.0374247212608647,NA,NA,27.5287319836442,49.1454990039,960111311,NA,NA,NA,NA
High income,HIC,1985,NA,38.1651456331809,10.6585879191055,14.5156363804947,11.1885651544773,NA,NA,NA,25184.5779508745,NA,74.384467469151,0.0862197708543554,NA,NA,27.7138165096373,49.155748148563,966563677,NA,NA,NA,NA
High income,HIC,1986,NA,37.7707605102887,10.6586758462939,14.235882195412,11.1315851554895,NA,NA,NA,25831.865024809,NA,74.63306312007,0.150812810668255,NA,NA,27.9036811679089,49.1651318404768,973188301,NA,NA,NA,NA
High income,HIC,1987,NA,37.8465822319233,10.5654539169189,14.1807644876801,11.3593069166303,NA,NA,NA,26545.8608319423,NA,74.9020042061662,0.261162576476174,NA,NA,28.0954747923811,49.1741469921514,979874901,NA,NA,NA,NA
High income,HIC,1988,NA,38.0107959032147,10.5089878153131,14.2692840610988,11.6937376609591,NA,NA,NA,27640.5620572677,NA,75.0193975264757,0.439057399588646,NA,NA,28.2912534252447,49.182868976131,986702713,NA,NA,NA,NA
High income,HIC,1989,NA,38.0100656239922,10.4835845162052,14.1452247426976,11.9091145749532,NA,NA,NA,28527.2859849867,NA,75.2661156322442,0.739786484786017,NA,NA,28.4995203755591,49.1916715233288,993966356,NA,NA,NA,NA
High income,HIC,1990,99.8845576372847,38.0607128064228,10.4561207852396,14.2431944772235,11.4415655660065,NA,NA,28.6202446364036,29224.4961793943,0.260944267591969,75.4282348763099,1.08542139034221,NA,NA,28.7206214899651,49.2007683987443,1001677611,NA,NA,67.2632570022987,6.41360948970087
High income,HIC,1991,99.9184706237799,37.9178233020034,10.4335056206416,13.9941268582908,11.4015259307133,NA,4.42400814076529,28.6408158244473,29452.3107101047,0.422065674766212,75.602934788435,1.54641334262349,NA,NA,28.9632432465364,49.2106417419504,1010166079,NA,NA,67.9254431294757,6.60022464608632
High income,HIC,1992,99.9088229300232,37.9564132863351,10.4549873567063,13.7458830510373,11.3509534285865,NA,4.41265475627145,28.6615003495925,29881.6667269608,0.670800306751991,75.8640483774967,2.15332467549104,NA,NA,29.1451878169355,49.2059760837845,1016513603,NA,NA,68.362844831784,6.71162389718692
High income,HIC,1993,99.9180359317171,37.9363245027274,10.5108456223626,13.3951789054761,11.3643102115467,NA,4.4054166301922,28.6810291358479,29984.8609812252,0.955662144516009,75.9392041510561,3.07241585540188,NA,NA,29.3756565491465,49.2170240451628,1024551207,NA,NA,68.6654751868401,6.63402349074426
High income,HIC,1994,99.9209052366528,38.3015533022708,10.4760778353277,13.1341013140993,11.4756010995129,NA,4.44008506211054,28.7010588764443,30697.0411214133,1.92546918912822,76.2196804565196,4.82548254848615,NA,NA,29.590257857998,49.226871744585,1032035681,NA,NA,69.4678663324361,6.47966246805248
High income,HIC,1995,99.9248686167001,38.2486900047553,10.3898828497794,12.7998960139334,11.5454971258383,NA,4.3755687914817,28.721088634279,31310.1566430957,3.61571787335761,76.285507490644,7.62524985621672,NA,NA,29.8391987722166,49.2480663382723,1040719622,NA,NA,69.7951929557128,6.78665715973579
High income,HIC,1996,99.9241824006761,38.3764925383191,10.3747934095429,12.6718427097371,11.8184946292414,NA,4.33758492154056,28.7411439764967,32033.1878236437,6.64593763288202,76.6569283337203,11.895175309947,NA,NA,30.0427836482053,49.2533956748993,1047818942,NA,NA,70.272549738556,6.73703003513502
High income,HIC,1997,99.9326684541996,38.3538972226094,10.3568936229868,12.5212342444318,11.9543276196896,NA,4.32487494537374,28.704606714488,32899.4018541711,10.492515911661,76.9908570000012,16.7957269016553,NA,NA,30.1820334353388,49.2570775883094,1054747601,NA,16.2087631498315,70.8097162361362,6.73583608500162
High income,HIC,1998,99.9484410008919,38.6195068887471,10.3332095024936,12.3560029164206,11.8829486226924,9,4.24649753540578,28.724671992412,33582.5988179276,15.7591292086905,77.1726187815583,24.1274820759254,NA,NA,30.3753962753305,49.26128561905,1061501831,NA,16.2996941896025,71.0683713545287,6.80639467156038
High income,HIC,1999,99.9409918296879,38.4884938407379,10.3135309541168,12.2132838072561,11.8943676454294,9,4.21017247319102,28.7446879757199,34459.3128586286,22.7730872457117,77.3164724892691,35.3787511501199,NA,NA,30.5670324240477,49.2680934240234,1068197515,NA,17.2797173732336,71.6301128229567,7.23561430185497
High income,HIC,2000,99.9499783053892,38.5131050537487,10.3000931592571,12.3187992214652,12.093100578396,9,4.17043340943765,28.7628575698486,35631.259568659,30.545068412291,77.5938013724388,49.2839457461825,0.058083364573236,98.739745201036,30.7545901024783,49.2800199023658,1074819578,5.84302854537964,NA,72.0377376470325,7.20220309361946
High income,HIC,2001,99.9456461500649,38.4618142611263,10.2439094949185,11.9657885097899,12.0750569257725,9,4.13393391214778,28.7865744195229,35931.6200166634,36.6305648949081,77.8955535035233,58.1932260071759,0.0651525844110413,98.7845441445843,30.9548150591162,49.2968256907609,1081809509,5.96121311187744,18.1779795207432,72.4360451915872,6.8530010904324
High income,HIC,2002,99.9496900227412,38.0495358473324,10.0971146702566,11.8180674230438,11.9124536710983,9,4.07074989339027,28.8096438059189,36234.098563109,45.0746603668129,78.0337905598162,63.787372206915,0.0629824543751151,98.8314293442748,31.161127826149,49.3174086319645,1089036403,6.08657598495483,18.8524590163934,72.8614730220052,6.9320815450178
High income,HIC,2003,99.9714134605314,37.7669191100887,9.97073199764052,11.8238377098132,12.0371586673188,10,4.10166374338562,28.8327892922757,36788.3322266647,49.8046445028255,78.1609089654871,69.7831052455711,0.0608609257132093,98.8780763386812,31.3647377340184,49.3423492183744,1096166107,6.21280384063721,19.3690916563913,73.4244890304033,7.18293330208961
High income,HIC,2004,99.9563621716322,36.4858199015995,9.97821861197603,11.7436180881527,12.0914355936032,9.5,4.1412605204335,28.8564797088814,37747.8658359374,55.0001855722628,78.5747334213384,76.4996499899467,0.0586301036130872,98.9230154511991,31.5803203338098,49.3720848669604,1103693618,6.34243249893188,19.8430493273543,73.7295882381163,7.339205157074
High income,HIC,2005,99.9590997024162,36.9063777841504,9.90780779507334,11.6649817900307,12.0545108276866,10,4.06440449802569,28.880081905728,38554.5102108146,58.7005778475227,78.6733963815499,83.7606763660597,0.0530724584340729,98.9666979868011,31.8015940127935,49.4064413246453,1111423301,6.44992828369141,20.3921178343949,74.0881920537406,7.6043767870216
High income,HIC,2006,99.985642371643,36.8114634767064,9.75783875325066,11.8570367024132,11.9081518009699,10,4.03696972696268,28.9041015271238,39461.6849115089,61.4103438305153,78.983456879594,91.4380668291735,0.0390434420739,99.0000500787968,32.0430072090383,49.4460565224478,1119840651,6.55803060531616,20.9156817956103,74.4543134756642,8.00734280773948
High income,HIC,2007,99.9688751857502,36.4222181182986,9.59580647190136,11.9649342115257,11.9657426624769,10,3.96088229606856,28.9275220779614,40243.5429465415,66.8096431424049,79.2185147734573,99.7668491125719,0.0363497733843808,99.0402858735341,32.2967212021084,49.4895149332981,1128710968,6.67517328262329,21.8109846610589,74.6840104738823,8.23609333214983
High income,HIC,2008,99.9716174871224,36.1276938802761,9.59842796893842,11.9671781151908,11.6305068658084,10,3.91683907857832,28.9634547944397,40064.7806769279,68.9040104688701,79.3659888775759,104.228628035763,0.0315721744076854,99.081529993747,32.5812747980262,49.533929656631,1138167727,6.79780960083008,21.9738924050633,75.1265682177792,8.73857047340991
High income,HIC,2009,99.9894781995433,35.8706152937077,9.63573216374082,11.7068599630844,10.8998449053597,10,3.90476509141004,28.9862492015129,38454.8559151982,70.1459133764288,79.6465869145472,107.19200600408,0.028438783914661,99.1222490207358,32.8221637267598,49.5748351196372,1146611428,6.92608308792114,22.5691699604743,75.7704431878261,9.29887022277796
High income,HIC,2010,99.9915259747954,35.4909220196527,9.48867324157727,11.5702041765993,11.2839635646866,10,3.85202344353966,29.0085231068549,39341.1323642138,72.2476732348184,79.826213187919,109.097340856377,0.0253465397136964,99.1635740760201,33.0378154600145,49.6094898189683,1154194529,7.05503511428833,22.6567901234568,76.0434262577301,9.56859780152852
High income,HIC,2011,99.9906703763883,35.9589407866106,9.62391301118198,11.3804063379973,11.020482448995,10,3.7490615302483,29.0486634314554,39877.6415588877,72.7993029413993,80.0677661459815,112.956344740281,0.0221869282583724,99.2041985070757,33.1940124729235,49.6373204878651,1159642350,7.16278409957886,23.2617940856493,76.2497140151965,9.94244290838116
High income,HIC,2012,99.9984208254861,35.6152637688321,9.59870822885632,11.3239029805217,10.8324316234856,10,3.68752827182756,29.0931593129611,40151.8615352406,75.5023229392266,80.1867739417047,115.416412069047,0.0184048782699295,99.2447312118563,33.39415330342,49.6575179012421,1166465944,7.26057195663452,23.8114065434417,76.4315120244785,10.4230105725591
High income,HIC,2013,99.9925500069354,35.1607059794297,9.5712839193119,11.0031477320295,10.8523380283936,10,3.64207035952379,29.1323192044302,40497.1277975381,76.860533224131,80.3647818606086,117.210274277111,0.0151180327683876,99.2842545750528,33.5899748915562,49.6732989591629,1173351852,7.3503794670105,25.300967041642,76.7711837810873,10.7882987592854
High income,HIC,2014,99.9989698520382,35.212945317857,9.61889342698419,11.034619337286,10.617913695706,10,3.57449187317488,29.1716867088806,41083.3782243164,78.5175133959745,80.6233912804085,121.379590812189,0.00724972160960537,99.3245000149279,33.7913501572958,49.6894162661715,1180423771,7.42523717880249,25.7766160651453,77.0942626160966,11.0062190168865
High income,HIC,2015,99.9947277148997,34.4579038890452,9.60032054825338,10.9305696031894,10.5196571432781,10,3.53684939446214,29.2124028725962,41820.6007880042,79.8959551611256,80.4985192820744,123.212174465946,0.00612233469402992,99.3602576764625,33.9891792400655,49.7090964266384,1187317397,7.50513696670532,26.4398956451937,77.2339686769796,11.1727820027847
High income,HIC,2016,99.9963481555035,34.2828529198594,9.69266262289373,10.8245173385597,10.3737599450635,10,3.49749629727891,29.2383771203651,42299.0744200004,84.267199727507,80.6438643337737,124.753596679683,0.00262528604785636,99.396528604564,34.1760785803894,49.7331366487715,1194191812,7.57624959945679,26.4876778200761,77.5757438450885,NA
High income,HIC,2017,99.9927367756296,35.1408343350065,9.72764377313159,10.5243676805806,10.2650970839991,10,3.45557857158609,29.2383059374039,43091.7470003323,85.8539612306977,80.6843643551025,124.861225702086,0.0021545908403756,99.4174444069887,34.3501535035571,49.7600146642985,1200273639,7.64777851104736,27.5304050658358,78.0043484305259,NA
High income,HIC,2018,99.9994157936391,34.7442703122054,9.71302601332995,10.2864528190533,10.254533148094,10,3.40404477108748,29.2429418896653,43840.3454182818,87.21811735785,80.7873397628661,127.514580118939,NA,NA,34.5083828563268,49.7873453026531,1205941621,7.72283840179443,28.2023361710552,78.3237340612795,NA
High income,HIC,2019,99.9997084133116,NA,NA,10.0395013679102,NA,10,3.34667806727259,NA,44360.2411285515,NA,80.8873668617946,129.807240252995,NA,NA,NA,49.811682066024,1210795776,7.79443645477295,29.3192163071443,78.7051025289377,NA
High income,HIC,2020,NA,NA,NA,NA,NA,10,NA,NA,42130.5390398542,NA,NA,NA,NA,NA,NA,49.8301878773896,1214930230,7.83955812454224,30.3258393582252,NA,NA
Low income,LIC,1960,NA,NA,NA,47.6251585517379,0.273905483967337,NA,NA,NA,NA,NA,39.5026792515436,0,NA,NA,NA,49.3162506235559,137782356,NA,NA,NA,NA
Low income,LIC,1961,NA,36.5218920059726,5.8109436129850804,47.5285889509508,0.291898922824338,NA,NA,NA,NA,NA,39.9411940074276,NA,NA,NA,9.43680026399398,49.319623569527,140848427,NA,NA,NA,NA
Low income,LIC,1962,NA,36.5885689888026,5.87640534096405,47.4603276164589,0.315789377472907,NA,NA,NA,NA,NA,40.3738453605115,NA,NA,NA,9.64735401056887,49.3228915258509,143991035,NA,NA,NA,NA
Low income,LIC,1963,NA,36.6338574862534,5.91804807386157,47.4347880328773,0.329648712572609,NA,NA,NA,NA,NA,40.810096077033,NA,NA,NA,9.86548180355213,49.3264456357318,147246689,NA,NA,NA,NA
Low income,LIC,1964,NA,36.6814954764164,5.98002607126741,47.4527041177659,0.351433945624997,NA,NA,NA,NA,NA,41.2577158349635,NA,NA,NA,10.0947272562918,49.3309364740272,150668279,NA,NA,NA,NA
Low income,LIC,1965,NA,36.690002260374,6.02239795707558,47.5052058037812,0.407409680733101,NA,NA,NA,NA,NA,41.7206953051093,0,NA,NA,10.3375499272299,49.3367115054156,154292515,NA,NA,NA,NA
Low income,LIC,1966,NA,36.6580815662853,6.00084743771616,47.5756246996776,0.43375244539668,NA,NA,NA,NA,NA,42.1990021604836,NA,NA,NA,10.5947757214855,49.3439570670841,158131724,NA,NA,NA,NA
Low income,LIC,1967,NA,36.6797941196248,6.01381015612784,47.638393174377,0.458073787100898,NA,NA,NA,NA,NA,42.6849451760232,NA,NA,NA,10.8653067822176,49.3522444908266,162169520,NA,NA,NA,NA
Low income,LIC,1968,NA,36.7555450053431,6.07522103460317,47.6715252169175,0.518147210751969,NA,NA,NA,NA,NA,43.171423599738,NA,NA,NA,11.1472821261712,49.3608393608133,166378127,NA,NA,NA,NA
Low income,LIC,1969,NA,36.8189813085702,6.13565970919762,47.6660258597347,0.559294272359709,NA,NA,NA,NA,NA,43.6533746441638,NA,NA,NA,11.4379532922617,49.368767896005,170716523,NA,NA,NA,NA
Low income,LIC,1970,NA,36.753195512631,6.06525594482419,47.6115824259705,0.602246234463167,NA,NA,NA,NA,NA,44.126765351005,0,NA,NA,11.7352828200636,49.3755756995469,175154298,NA,NA,NA,NA
Low income,LIC,1971,NA,36.7838199348785,6.10762783063236,47.5030674085272,0.805597786190689,NA,NA,NA,NA,NA,44.5895575937094,NA,NA,NA,12.0386334755712,49.3807560772064,179681941,NA,NA,NA,NA
Low income,LIC,1972,NA,36.8834708326683,6.15072886935119,47.350208969108,0.676151676693571,NA,NA,NA,NA,NA,45.0403917404967,NA,NA,NA,12.348500587457,49.3848348388797,184306845,NA,NA,NA,NA
Low income,LIC,1973,NA,36.9151484757869,6.13622682812813,47.1668380317307,0.706341078489789,NA,NA,NA,NA,NA,45.4766770618193,NA,NA,NA,12.6653132887044,49.389360189465,189035415,NA,NA,NA,NA
Low income,LIC,1974,NA,36.8685432430046,6.09048756794508,46.9649563773464,0.724922722951566,NA,NA,NA,NA,NA,45.896413728772004,NA,NA,NA,12.9902485024427,49.3962851386322,193880021,NA,NA,NA,NA
Low income,LIC,1975,NA,36.888454249576,6.08047615150835,46.7637067150366,0.739173232456402,NA,NA,NA,NA,NA,46.2970919189436,0,NA,NA,13.3235512828895,49.4067344986214,198849250,NA,NA,NA,NA
Low income,LIC,1976,NA,36.9410376842547,6.12690189583943,46.5853334450407,0.738707116042181,NA,NA,NA,NA,NA,46.6770108013456,0,NA,NA,13.6656877686521,49.4209950635559,203955515,NA,NA,NA,NA
Low income,LIC,1977,NA,36.95221875357,6.13135811911728,46.4423191213824,0.748536819759975,NA,NA,NA,NA,NA,47.038824127241,0,NA,NA,14.0167893598158,49.4380218289601,209195581,NA,NA,NA,NA
Low income,LIC,1978,NA,36.9818728939281,6.17032981723813,46.3388309793506,0.707398443633356,NA,NA,NA,NA,NA,47.3876799232534,0,NA,NA,14.3751738721206,49.4558360341192,214544342,NA,NA,NA,NA
Low income,LIC,1979,NA,37.0023715210062,6.20217155811442,46.2715427296166,0.745630056644863,NA,NA,NA,NA,NA,47.7283921138118,0,NA,NA,14.7384947168162,49.4719625294685,219966776,NA,NA,NA,NA
Low income,LIC,1980,NA,37.0708353150023,6.21643147260354,46.2294380010898,0.740580910535849,NA,NA,NA,NA,NA,48.0659658777938,0,NA,NA,15.1055619827149,49.4847912523493,225445124,NA,NA,NA,NA
Low income,LIC,1981,NA,37.0529293996495,6.19358320052438,46.1958025119042,0.745448728218194,NA,NA,NA,602.577089965848,NA,48.4045659736619,0,NA,NA,15.4761975081046,49.4944384591613,230976727,NA,NA,NA,NA
Low income,LIC,1982,NA,37.0714024706922,6.21213729380852,46.1502757846212,0.725072432309123,NA,NA,NA,596.063974100141,NA,48.7438457177438,0,NA,NA,15.8525188645361,49.501654081851,236593189,NA,NA,NA,NA
Low income,LIC,1983,NA,37.1340326633064,6.22461471898651,46.0785870486645,0.767401150802348,NA,NA,NA,592.630884270131,NA,49.0799428887932,0,NA,NA,16.2385878576354,49.5065194225246,242355131,NA,NA,NA,NA
Low income,LIC,1984,NA,37.1226895495082,6.2146489832924,45.9760548694628,0.80822115471973,NA,NA,NA,576.515249342748,NA,49.4071889321359,0,NA,NA,16.6398044824665,49.5091557711039,248343146,NA,NA,NA,NA
Low income,LIC,1985,NA,37.1369494639974,6.22007747346724,45.8423262019396,0.818740867505248,NA,NA,NA,562.572761692071,NA,49.7125793462484,0,NA,NA,17.0605357445799,49.5100187764305,254622410,NA,NA,NA,NA
Low income,LIC,1986,NA,37.1964197891963,6.22850378657445,45.6829923103271,0.85508782651163,NA,NA,NA,570.982487653642,NA,49.980263363225,0,NA,NA,17.5013730148941,49.5083633609207,261201749,NA,NA,NA,NA
Low income,LIC,1987,NA,37.1624714700432,6.19228684466173,45.5070894222259,0.927364855621501,NA,NA,NA,586.521915363552,NA,50.1988219766285,0,NA,NA,17.9625475887195,49.5049430568778,268084615,NA,NA,NA,NA
Low income,LIC,1988,NA,37.2008760124742,6.20695187035793,45.322135849313,1.00804928876874,NA,NA,NA,586.499201125093,NA,50.3666144670883,0,NA,NA,18.4474812563847,49.5030719966565,275322077,NA,NA,NA,NA
Low income,LIC,1989,NA,37.1875073426406,6.20922049311757,45.1290968961432,1.01608737359648,NA,NA,NA,587.325336536109,NA,50.4964976827406,0,NA,NA,18.960064697147,49.5068423717465,282972202,NA,NA,NA,NA
Low income,LIC,1990,NA,36.3372599412265,6.3433123026602,44.9323235776742,0.653292827136732,NA,NA,26.5647509621651,560.806522789477,0,50.6120478948755,0,NA,NA,19.5025563904481,49.5183946214594,291068697,NA,NA,78.5897569155953,59.6677289433847
Low income,LIC,1991,NA,36.3341827164975,6.43413823528697,44.7364687362548,0.620782992991709,NA,1.40405644801295,26.4446016608148,549.810994052855,0,50.7411320019481,0,NA,NA,20.077958820112,49.5389150291824,299656373,NA,NA,78.3174713202909,60.9559345004389
Low income,LIC,1992,NA,36.4228421143888,6.49855091721228,44.54299687956,0.551461255307316,NA,1.41791385816365,26.318351079176,529.97100930889,0,50.902992961385,6.46337755206737e-4,NA,NA,20.6845164332906,49.5661631587718,308709029,NA,NA,78.0476874209214,63.4841865184505
Low income,LIC,1993,NA,35.0738428606037,6.58743231604508,44.3490395141957,0.50222651080138,NA,1.43432783611789,26.2781754601456,517.768106988365,0,51.0976652254339,0.00215621357978023,NA,NA,21.4590805502122,49.5949193992973,318101755,NA,NA,77.7926009811076,65.3921828718664
Low income,LIC,1994,NA,35.1579204507429,6.56118110982646,44.1495779331408,0.473298334437767,NA,1.45327977971423,26.1539673431754,507.404789754021,2.98921306169231e-6,51.3113089632943,0.00365091873245761,NA,NA,22.1038861371558,49.618828349155,327660123,NA,NA,77.6301205783728,66.9815594509359
Low income,LIC,1995,NA,35.2729481319917,6.6775290484991,43.9361161378288,0.454583381075606,NA,1.5069620659413001,26.0297592262052,517.42718227262,2.21528744140992e-4,51.5415786954834,0.00687263789548371,NA,NA,22.7518298865032,49.6341707667807,337265010,NA,NA,77.7396450104758,68.2202198838663
Low income,LIC,1996,NA,35.4115532854924,6.78277694009783,43.699929602259,0.426403491341251,NA,1.54596376897655,25.905551109235,529.831384944832,0.00177857470623759,51.8015395312189,0.0102634104323062,NA,NA,23.3993259726224,49.6395122687842,346863261,NA,NA,77.7564094619966,69.4487191730955
Low income,LIC,1997,NA,35.6286689909247,6.84200419857255,43.4357515288906,0.401889613315956,NA,1.55419001168619,25.7813429922648,540.548034690079,0.00984935109827527,52.1064981360939,0.0169908820296884,NA,NA,24.0500142564447,49.6374039339368,356508832,NA,10.870140174557,77.8119157270327,69.4855459546819
Low income,LIC,1998,NA,35.7668690332183,6.88154305238331,43.1423644906163,0.385486982946362,8,1.5396575770074,25.6571348752946,544.488033682876,0.0231077116951489,52.4665780669992,0.0394941020716612,NA,NA,24.7119085573683,49.6328249613166,366320517,NA,10.4033448106247,77.8794091944336,69.9371236325154
Low income,LIC,1999,NA,35.9518189088087,6.88413576410861,42.8218017150665,0.394650835154508,8,1.54700078222347,25.5329267583244,547.276519855997,0.0517536281631823,52.8865125073707,0.0710108694550465,NA,NA,25.3967209759091,49.6321558442237,376471932,NA,NA,78.070275304167,69.8199429180052
Low income,LIC,2000,12.8715856064024,36.1337709614666,6.8767627401398,42.4784741548252,0.403116018871391,8,1.5701113150868,25.4087186413542,547.624591564501,0.0779217852396302,53.3659712889167,0.181485577153203,40.9172547746807,19.8282205763037,26.1128839195202,49.6391893507978,387088076,4.96074485778809,12.1644915045555,78.2166918333053,69.6079848779072
Low income,LIC,2001,16.9449670137285,36.4220651921159,7.00890353410915,42.1186615062092,0.410439877145993,8,1.55654227699167,25.2893815977424,560.929474615729,0.121920373405551,53.902174940914,0.457553418421367,40.013772978234,20.0741227881388,26.8622287193732,49.6552984788681,398196096,5.13074398040771,12.4803238138071,78.227359756914,69.3854566955563
Low income,LIC,2002,20.7838211618486,36.5444453176842,7.13628346117293,41.747364155742,0.397704514663325,9,1.57929107688005,25.1700445541306,568.871391333315,0.29393556202068,54.4866012837542,0.862366213651905,36.7690554680763,23.5602123788978,27.6418374018493,49.677835831027,409752737,5.23951005935669,13.6779619094732,78.266985780391,69.9129653697038
Low income,LIC,2003,22.200416458413,36.8960730345727,7.42512781455344,41.3674747758819,0.403726879538828,8.5,1.6018917141267,25.051093152705,581.499558500767,0.421360716657349,55.1105646249755,1.71894088947503,35.851709409341,23.8443269211784,28.4498492551021,49.7018347341984,421725011,5.27190637588501,13.0329195898543,78.3376030724436,69.7226259902017
Low income,LIC,2004,22.4133517698192,36.5970373358454,7.42066032065377,40.9783554044909,0.407651264909421,9,1.59866953058272,24.6733789323053,598.397749576728,0.580866511705411,55.7663140226186,2.9765672792460798,34.9243735596406,24.1368086354771,29.0285807712067,49.7209857382553,434055590,5.22134828567505,14.515488482923,78.3623926924972,69.3542834753694
Low income,LIC,2005,19.4008377137162,37.1124282358779,7.58318527650632,40.5769105628338,0.437198592994319,8.5,1.61457473239972,24.5551715594197,622.846665213005,0.868021468481768,56.4431083563177,4.36178905990958,33.828356912119,24.5223980223917,29.8737692191931,49.7316135374812,446695034,5.09156322479248,16.6402535657686,78.4065284951697,67.7569653022639
Low income,LIC,2006,24.0079161373831,37.2185787797324,7.63774836299076,40.1603556443946,0.444570767147245,9,1.64420167461594,24.4369590902301,646.9689355107,1.12561262954146,57.1322981712624,7.29256865617886,32.7205941159842,24.9529526613613,30.7406919713786,49.7326781909223,459659653,4.90012359619141,16.9980644026043,78.1954701248488,67.4650317115459
Low income,LIC,2007,24.5092091593087,37.3708824362597,7.77036340719778,39.7270370291435,0.420813132061122,9,1.6338887589345,24.3188912393663,677.296062910489,2.23714209693548,57.8218057221748,11.7511109628794,31.659782002012,25.4091171941657,31.6293769969446,49.726869655392,472947450,4.69818544387817,17.1824973319104,78.0655647006205,68.4770298371449
Low income,LIC,2008,26.1136091217458,37.519436508436,7.91703380389551,39.2801755954901,0.441639362558902,9,1.6207603825705,24.200819557285,702.291038393868,2.34482100538749,58.4954194607027,17.5725654763685,30.5215256723788,25.9021702210474,32.5336393653686,49.7187382443498,486468200,4.50770711898804,17.1931735657226,77.9876173594187,67.3779797157098
Low income,LIC,2009,25.8028678830275,37.6471405816548,8.01233797946599,38.8252077178926,0.400728535066498,9,1.57517885356278,24.082720229668,717.323349653163,3.10665327098255,59.1378320698608,21.9620124866734,29.4083139617616,26.351165947883,33.4456289184074,49.7140581129114,500104939,4.33091735839844,16.7608618862593,77.9101798400583,69.7945342625114
Low income,LIC,2010,26.850119723592,37.8465985773321,8.18076124768144,38.3677135634131,0.391044895686723,9,1.59879865503306,23.9633076248574,745.925572988408,4.81463221160168,59.7397397114906,27.567813451753,28.319624585992,26.7495964309277,34.3588328789518,49.7164024309563,513783318,4.15809774398804,17.7602198557197,77.8532470949229,69.6769711573874
Low income,LIC,2011,26.0508731926821,38.1610327728458,8.62170928732054,37.9121535469368,0.351493258277798,9,1.6549407123962,21.6708684158225,743.365615134357,5.2583030073964,60.3002394036695,34.7605285340794,28.0726364227014,26.7132999189002,35.2734330388841,49.7265062852284,527467149,4.00831079483032,19.3771626297578,77.7745746544725,71.7822545301662
Low income,LIC,2012,30.1608146415963,38.5746423658222,9.03183223978481,37.4610513843214,0.32457670463667,9,1.71380619547441,21.533636606484,743.712340076514,6.38445020506641,60.8265642978128,39.7662845427394,27.0353854588808,27.0179231920536,36.1921696459869,49.7423935056647,541205688,3.8639965057373,19.7093403004572,77.7018547742515,72.4134758665937
Low income,LIC,2013,31.1313235788797,38.7411629997482,9.16903054172824,37.0156121353552,0.282440765500417,9,1.72232476912545,21.3963994596107,769.85121566273,7.45808003471369,61.3246035798279,46.2416072480495,26.0065159515769,27.3025041250896,37.1224375225639,49.7614988430435,555116804,3.73361873626709,20.2277749447561,77.7588167755734,74.0954868716258
Low income,LIC,2014,31.5804860024847,38.8159881384581,9.20494096619659,36.574854533043,0.286487913047385,9,1.73718337422513,21.2592150357396,795.104547746821,9.3429571971486,61.7945941642484,52.1425044469665,24.96722664994,27.5996050809485,38.0755019586741,49.7803719581682,569367413,3.63175296783447,19.4714131607336,77.9630183129549,74.0908872266592
Low income,LIC,2015,31.47513044654,38.8529960173503,9.21923692296558,36.1381608297929,0.252792293284884,9,1.75301733401538,21.1219151753766,789.801667294852,12.1376873409562,62.2353988306971,55.2256370222935,23.9117637697693,27.9278987182181,39.0595816643437,49.7967007975936,584084928,3.56762194633484,21.605451221539,78.19857523574,76.7613028008214
Low income,LIC,2016,36.807289331671,38.9211524723223,9.25749622063212,35.707043932518,0.260545521514229,9,1.79407270460485,20.9773321342743,797.777432873183,12.8759340784918,62.6458718838357,53.4223349976726,22.8733413341933,28.2524494962798,40.0766575520571,49.8100775136883,599290280,3.53063726425171,21.8614718614719,78.4694782072904,NA
Low income,LIC,2017,38.3673867873703,38.9328161740441,9.2432055350459,35.2805833653763,0.248158902037574,9,1.83536303829575,20.8381133614809,811.88307464868,16.3332879279822,63.0281199479664,53.4228973147414,22.2934109701839,28.6331618283806,41.1249620865863,49.8213430392843,614965124,3.52997088432312,22.0548596797209,78.757437236213,NA
Low income,LIC,2018,39.8393444389588,38.9724764834967,9.25868280400199,34.8572069493066,0.236733529626072,9,1.85316084533859,20.7016171975519,826.908493995876,NA,63.3874993839884,60.4677346908236,NA,NA,42.2071209726195,49.8310704783381,631147232,3.56249761581421,21.8966084952256,79.0807902283591,NA
Low income,LIC,2019,40.9233418068988,NA,NA,34.4354868864746,NA,9,1.86928396234,NA,838.688313727125,NA,63.7277492102326,NA,NA,NA,NA,49.8401524712589,647870823,3.62088012695313,21.9841403745571,79.4203217255051,NA
Low income,LIC,2020,NA,NA,NA,NA,NA,NA,NA,NA,824.39055165205,NA,NA,NA,NA,NA,NA,49.8491792895708,665149035,3.69829058647156,22.485719231435,NA,NA
Lower middle income,LMC,1960,NA,NA,NA,42.9662225130589,0.451862468060518,NA,NA,NA,638.116608473349,NA,45.218376105132,0,NA,NA,NA,50.7324348183578,989984004,NA,NA,NA,NA
Lower middle income,LMC,1961,NA,37.4778081341034,13.71626662035,42.7045356570946,0.469618444083161,NA,NA,NA,646.959357998387,NA,45.8013480770581,NA,NA,NA,39.6499854703484,50.7477443313707,1012695283,NA,NA,NA,NA
Lower middle income,LMC,1962,NA,37.5783474418084,13.7821840722607,42.4168088944542,0.490726459447898,NA,NA,NA,651.732028581205,NA,46.3763921937996,NA,NA,NA,40.5692804404422,50.7603627160757,1036174880,NA,NA,NA,NA
Lower middle income,LMC,1963,NA,37.7178640182407,13.9651225704588,42.1106155166181,0.519356979785166,NA,NA,NA,677.535939320324,NA,46.943199797186,NA,NA,NA,41.5175047259542,50.7711594724059,1060393357,NA,NA,NA,NA
Lower middle income,LMC,1964,NA,37.8411954968121,14.0504443744112,41.7934110603145,0.52950039844563,NA,NA,NA,705.870745799908,NA,47.5002549674935,NA,NA,NA,42.492641833635,50.7813736768956,1085299211,NA,NA,NA,NA
Lower middle income,LMC,1965,NA,38.030791885298,14.2242584849575,41.4747043223443,0.571122920543446,NA,NA,NA,718.433677135926,NA,48.0406034663986,0,NA,NA,43.4931379795382,50.7918256214981,1110852757,NA,NA,NA,NA
Lower middle income,LMC,1966,NA,37.990173590184,14.1688081537693,41.1605284284253,0.592207614683439,NA,NA,NA,720.075700910221,NA,48.5570010915739,NA,NA,NA,44.5191287502534,50.802683383864,1137057458,NA,NA,NA,NA
Lower middle income,LMC,1967,NA,38.1254748110713,14.3248907511059,40.8536844606701,0.583760213138593,NA,NA,NA,730.695861655746,NA,49.0447173455132,NA,NA,NA,45.5709769368112,50.8135616935161,1163922580,NA,NA,NA,NA
Lower middle income,LMC,1968,NA,38.1654709043377,14.3388584802311,40.5546659675387,0.630489565524496,NA,NA,NA,762.757364340463,NA,49.5049615175995,NA,NA,NA,46.6490729722092,50.8239726853979,1191458095,NA,NA,NA,NA
Lower middle income,LMC,1969,NA,38.3408971208663,14.5025925903279,40.2655166959647,0.642273875550036,NA,NA,NA,816.065035639535,NA,49.942940698538,NA,NA,NA,47.7537964440841,50.833260960491,1219673698,NA,NA,NA,NA
Lower middle income,LMC,1970,NA,38.3246992153977,14.473628391971,39.9836202512095,0.705398467495436,NA,NA,NA,867.762595693457,NA,50.3719868816429,0,NA,NA,48.8856911866054,50.841033884815,1248583279,NA,NA,NA,NA
Lower middle income,LMC,1971,NA,38.3891747785647,14.4018062197379,39.7051092813053,0.739108655248585,NA,NA,NA,901.595984915847,NA,50.8106959848042,NA,NA,NA,50.0456234974574,50.8472690123224,1278208964,NA,NA,NA,NA
Lower middle income,LMC,1972,NA,38.2799977723026,14.2689144817026,39.4252574132365,0.745905866251465,NA,NA,NA,934.923046375148,NA,51.2722394618672,NA,NA,NA,51.2348015968443,50.8522471901565,1308581612,NA,NA,NA,NA
Lower middle income,LMC,1973,NA,38.5633226897674,14.5762152781651,39.1421466695242,0.80990897221777,NA,NA,NA,966.376786895942,NA,51.7633225386626,NA,NA,NA,52.4550750634162,50.8562344845155,1339744791,NA,NA,NA,NA
Lower middle income,LMC,1974,NA,38.4365492115559,14.3949489209624,38.8567243033816,0.827254650920373,NA,NA,NA,997.167689651311,NA,52.2835582337296,NA,NA,NA,53.7086972026365,50.8595508887108,1371761160,NA,NA,NA,NA
Lower middle income,LMC,1975,NA,38.4554619658693,14.4071487657903,38.5779462053582,0.825911250362226,NA,NA,NA,996.612628150037,NA,52.8269068710768,0,NA,NA,54.9975088822784,50.862467674209,1404677295,NA,NA,NA,NA
Lower middle income,LMC,1976,NA,37.8646530357001,14.4279664308169,38.3159628843283,0.865980062958306,NA,NA,NA,1056.91601636489,NA,53.3811420829996,0,NA,NA,56.320945494889,50.8651371347959,1438471529,NA,NA,NA,NA
Lower middle income,LMC,1977,NA,37.7485983368771,14.2031698426019,38.0738628764232,0.903176143175065,NA,NA,NA,1068.05963734186,NA,53.9275884381122,0,NA,NA,57.6791738052969,50.8676235569908,1473161514,NA,NA,NA,NA
Lower middle income,LMC,1978,NA,37.7808242767425,14.2215964697557,37.8484793220181,0.928484527257542,NA,NA,NA,1040.82739536087,NA,54.4511599596974,0,NA,NA,59.0775276976505,50.8700354157839,1508876331,NA,NA,NA,NA
Lower middle income,LMC,1979,NA,37.7637817123906,14.2050910044016,37.6152581902212,0.942018727194457,NA,NA,NA,1011.132433511,NA,54.942902937396,0,NA,NA,60.5226510999305,50.8724469670158,1545785670,NA,NA,NA,NA
Lower middle income,LMC,1980,NA,37.8413925175664,14.2146968133999,37.3785456363378,0.924326165072739,NA,NA,NA,977.690760528846,NA,55.3979770580529,0,NA,NA,62.0182510490938,50.8749658395934,1583984211,NA,NA,NA,NA
Lower middle income,LMC,1981,NA,37.593583303063,14.0835620273322,37.1228428784181,0.909222829354872,NA,NA,NA,969.998981311154,NA,55.8209818562691,0,NA,NA,63.5670256400257,50.8773069929932,1623540865,NA,NA,NA,NA
Lower middle income,LMC,1982,NA,37.7926338442439,14.257162339081,36.8390667679995,0.931222047578937,NA,NA,NA,999.257691303068,NA,56.2231393552399,0,NA,NA,65.1598979961876,50.8799891074703,1664223803,NA,NA,NA,NA
Lower middle income,LMC,1983,NA,37.7716332734316,14.164479709722,36.5338248511245,0.962525267140647,NA,NA,NA,1012.62828824776,NA,56.6153561281696,0,NA,NA,66.7932739988162,50.8833393630293,1705941229,NA,NA,NA,NA
Lower middle income,LMC,1984,NA,38.0548298751319,14.4428424204424,36.1308014095084,0.982922105940448,NA,NA,NA,1003.20466282159,NA,57.0026503969171,1.00128438522116e-4,NA,NA,68.455833755602,50.888181034562,1748404026,NA,NA,NA,NA
Lower middle income,LMC,1985,NA,38.3630148011263,14.6727761539944,35.6515079087875,1.02441025298153,NA,NA,NA,1013.32278777013,NA,57.3889162698761,1.13773892638995e-4,NA,NA,70.1370041847859,50.8950228028891,1791342151,NA,NA,NA,NA
Lower middle income,LMC,1986,NA,38.6273914539452,14.8651815411139,35.1648696547622,1.03658249328104,NA,NA,NA,1008.08140005934,NA,57.7766938134623,2.48065546125457e-4,NA,NA,71.8358692551401,50.903884343656,1834732208,NA,NA,NA,NA
Lower middle income,LMC,1987,NA,38.8717673663937,15.0007329335554,34.5761397917042,1.06366438190214,NA,NA,NA,1015.2175270566,NA,58.1791504657027,4.91643066900423e-4,NA,NA,73.5506797134947,50.9142252479598,1878529520,NA,NA,NA,NA
Lower middle income,LMC,1988,NA,38.9654250370103,15.004571125624,33.9528158180861,1.11373742589968,NA,NA,NA,1036.99177553009,NA,58.5641871165156,6.52280689772906e-4,NA,NA,75.2754435739094,50.9248873482245,1922581048,NA,NA,NA,NA
Lower middle income,LMC,1989,NA,39.1215886363734,15.0829917108272,33.2935180536728,1.11852421814374,NA,NA,NA,1062.85679899128,NA,58.9543357384338,9.09772380382682e-4,NA,NA,77.0036394974686,50.9344506946891,1966720233,NA,NA,NA,NA
Lower middle income,LMC,1990,NA,39.1063643587054,15.0192876381625,32.6764206917005,1.0997889725532,NA,NA,29.3908837469578,1088.52483563542,0,59.3347042768833,0.00136327159590393,NA,NA,78.8048954500467,50.9420249724179,2012725416,NA,NA,49.9467611154548,43.6098118756539
Lower middle income,LMC,1991,NA,38.7276322088789,15.0694258875222,32.0608617481597,1.1127269939882,NA,2.26404185874876,29.4455747891406,1091.27424659939,0,59.6918126719612,0.00398163211122238,NA,NA,80.5158158660122,50.9478687513084,2056479735,NA,NA,49.8706944395848,43.163120364118
Lower middle income,LMC,1992,NA,40.0196772961642,15.8736970227922,31.4253179515822,1.08269574925909,NA,2.24968010485155,29.3068008482228,1097.00050204157,4.82112561408521e-5,60.0455286192962,0.00605217520408962,NA,NA,82.2241014694859,50.9518345123563,2100111594,NA,NA,50.0259629481592,43.8139499577457
Lower middle income,LMC,1993,48.2404039802773,39.9990770247764,15.9180643564384,30.8009275866967,1.05199725806737,NA,2.22925405171904,29.172950314926,1089.14650446183,1.40315345151762e-4,60.3840460959892,0.0110263828323937,NA,NA,83.9209750915713,50.9545234304006,2143451976,NA,NA,50.1087902189041,44.9381407860998
Lower middle income,LMC,1994,48.3924431791595,40.1075901124879,15.9356085680681,30.2004409231901,1.02389444098252,NA,2.22583117153266,29.0469729941836,1090.18128797692,0.00136972174986797,60.7113201702701,0.0185196685438796,NA,NA,85.6284370361525,50.9565723350529,2186469992,NA,NA,50.4247585498321,45.117382022152
Lower middle income,LMC,1995,50.0953763472178,40.2293773131304,16.0216352917914,29.6726861237662,1.04980463280354,NA,2.10721054899119,28.9130861785552,1117.42865588951,0.0172074502017748,61.0249221415022,0.0474374326278573,NA,NA,87.3128988664738,50.9579232578778,2229481699,NA,NA,50.4154729697943,44.5474677392543
Lower middle income,LMC,1996,52.1743815470792,40.3242204601629,16.0307116782225,29.1468690893256,1.04242479864935,NA,1.9914507141494,28.7791993629268,1159.67985384704,0.0377595812612245,61.3544380436724,0.105867684371939,NA,NA,89.0034325862716,50.9582609800066,2272648448,NA,NA,50.4528877336565,44.2609801328043
Lower middle income,LMC,1997,55.2528652173796,40.8506090472258,16.0986498561881,28.6648569916959,1.0633657337955,NA,1.90610377021604,28.6453125394658,1176.07278056919,0.0722651306799893,61.6812519096394,0.191876105701921,NA,NA,90.6975211979796,50.9576250634677,2315905969,NA,7.49939128317507,50.4296956831592,43.6642935355622
Lower middle income,LMC,1998,57.7599501624885,40.9379963673306,16.1401233340556,28.2214624285595,1.05796115143818,8,1.84090165002024,28.5114257160049,1165.85201317954,0.152995875443831,62.0073584055734,0.267273739485017,NA,NA,92.3895942534913,50.9566439200169,2359112024,NA,8.17342725285402,50.739246162434,44.0835501478262
Lower middle income,LMC,1999,60.690420798813,41.1411164260781,16.2456664817265,27.8139946041639,1.09556843857882,8,1.90204492685856,28.3775388964602,1192.25833884361,0.277143012998317,62.3100783952088,0.488987213462851,NA,NA,94.0743826238112,50.9561832896104,2402132069,NA,8.41050361537486,50.7200254688578,43.1942762253689
Lower middle income,LMC,2000,62.7341423978402,41.2283165357977,16.2018989502126,27.4453027110716,1.10110029347724,8,1.79294760806319,28.2592345916131,1223.49885201857,0.564798145883804,62.6152896245729,1.02574226700118,44.1328798041383,34.2140253923548,95.8098279836794,50.9566377480955,2445096607,4.43091726303101,8.14571211737921,50.8589592191118,43.2370911296623
Lower middle income,LMC,2001,61.0855542675144,41.3445609915636,16.1405758645623,27.1033809471544,1.11558163535193,8.5,1.92641571988465,28.1802871129497,1250.6296634091,0.875493689243625,62.938881556494,1.9157925217825,42.1670981905887,35.7281417836792,97.4869747626021,50.9581864031041,2487900839,4.51138687133789,8.89627168696936,50.7886614617784,42.8192037271728
Lower middle income,LMC,2002,64.3371459898018,41.420959521181,16.1873386815746,26.8034508090988,1.13325857467742,9,1.9670848015367,28.101978491904,1289.73629653838,1.64612362782786,63.2778292258083,2.960520765008,40.4851193869548,37.3144779585402,99.1653698888051,50.9603916029816,2530679514,4.55892181396484,10.3836677226329,50.6466519928372,42.2913148505217
Lower middle income,LMC,2003,65.7571236888798,40.9768036919179,16.3476448208182,26.4949602611503,1.16366264404313,9,1.97682963768651,28.0235892340555,1349.61345232753,2.19191008351819,63.620684901315,4.92591070115067,38.804981711535,38.9094670987948,100.845694384147,50.9626955805318,2573512638,4.56906223297119,10.2886750555144,50.847317646291,41.9034893825135
Lower middle income,LMC,2004,66.2479439376186,41.1915771712504,16.4152745636447,26.2124437181483,1.1992999623824,9,2.04657379232234,27.9466462869187,1415.00969512768,3.01730419105228,63.9766936718309,7.90173342736468,37.1304921414032,40.5101492361566,102.53577723969,50.964454162848,2616457516,4.53800058364868,10.7863751051304,50.8338076056671,41.2149517925716
Lower middle income,LMC,2005,67.4053983812755,40.5374633658216,16.3737472904856,25.9005447256851,1.22602879094094,9,2.0263086154949,27.8677451087692,1477.25223928185,3.75717796491875,64.3440899343236,12.9440466325749,35.4610243020923,42.118859232233,104.224962739279,50.965175846227,2659559236,4.46840906143188,11.890243902439,50.9811043249536,40.7373798100146
Lower middle income,LMC,2006,69.1003402644137,40.613594676274,16.345732341839,25.6078924628764,1.27268801601716,9,1.99384813359979,27.7887232322784,1547.85358932469,4.5942243719084,64.731971025179,21.1464791168705,33.7976764012838,43.7280486863403,105.92157476701,50.9648552395255,2702862046,4.37303113937378,12.1032365490686,50.5715959940208,40.0165910339035
Lower middle income,LMC,2007,69.9246135783144,40.7456887203882,16.3859427521352,25.3042812852148,1.33925716596397,9,2.02430843043155,27.7097779265931,1628.5032334619,5.71451277290495,65.1322596805634,30.6640369854394,32.141603841565,45.3639305391265,107.627925363508,50.963569487738,2746406133,4.27637481689453,13.2736763609247,50.6679582447819,38.8945390754543
Lower middle income,LMC,2008,71.7573987687492,40.8817449822708,16.4231763937502,24.990373078221,1.36070418617308,9,2.08503034781189,27.6310926224503,1668.44326943335,6.77870116515892,65.5370631776845,42.25073824275,30.4900715578328,47.0059263078613,109.345323410579,50.9610858360166,2790205950,4.19015407562256,14.7453353504791,50.2983550745689,38.4507394778676
Lower middle income,LMC,2009,73.5044049031852,41.0375067361098,16.3750405683875,24.6468733873815,1.39202627260733,9,2.16181127976989,27.5521792098651,1716.39852706083,7.80672101739545,65.9570768220859,53.4759613378562,28.8423026291851,48.6551685874358,111.072298483135,50.9570862319963,2834272715,4.11988496780396,15.8557130115945,50.0894458324393,37.9283507517635
Lower middle income,LMC,2010,74.0620048658434,41.0802275220155,16.3684352060985,24.2823390040742,1.4414840954661,9,2.07048256435117,27.4732980388886,1801.82585227696,10.5930013410217,66.3721585239513,66.4833076847305,27.1960145711441,50.314893957127,112.820409879906,50.9513828975194,2878875404,4.06644678115845,15.7488877904103,49.8252368570958,37.2290094343308
Lower middle income,LMC,2011,71.5905683296966,41.2220487716636,16.4909588210504,23.9308635735707,1.49831825099889,9,2.15666736551054,27.3522208686368,1860.00785049094,12.7815107118524,66.7663050341972,76.1680403901581,25.5530072887325,51.9764211156511,114.57533883406,50.9440217785288,2923659939,4.0308256149292,16.1182375906302,49.3058692179048,36.9907759949243
Lower middle income,LMC,2012,77.2160442079541,41.3108826871809,16.5868298535336,23.5972546384173,1.53965992659883,9,2.25881565171631,27.2313254015417,1906.734264396,15.2753783533987,67.1362053518181,78.8973964300326,23.924335621927,53.6342995347143,116.323178647453,50.9354365023022,2968243908,4.00383615493774,17.8107955614068,48.7395343051161,37.0474500289117
Lower middle income,LMC,2013,77.8918653844972,41.4069555503352,16.5702981383343,23.280423818546,1.54400271813079,9,2.21858920852234,27.1103542370831,1973.13994811486,17.9715099141094,67.4867179415325,82.1820587147352,22.3034504158752,55.2928250399024,118.084803050874,50.9261100917871,3013187396,3.98449063301086,18.4170003079766,48.6387715441381,37.0079928239945
Lower middle income,LMC,2014,79.2316508155611,41.4255010122298,16.5455916504598,22.9737188479614,1.60659119281643,9,2.29452571342713,26.9905818965615,2052.52292302769,22.5871343974002,67.8115066145115,86.5067265880729,20.7076967968568,56.9381038744144,119.856391556589,50.9172994150291,3058248975,3.97105884552002,19.769310768649,48.6774899042999,36.4046827008659
Lower middle income,LMC,2015,82.0878937250982,41.5002836769879,16.5799248816902,22.6751936943475,1.60047537795189,9,2.34856986546422,26.8505105682886,2123.27926568671,23.0466053659665,68.1100477337652,88.9452994224681,19.1270139851702,58.5762011967891,121.546448678051,50.9093801541823,3103569257,3.96142673492432,20.0419127452848,48.7572979792929,36.1790310099887
Lower middle income,LMC,2016,83.7932566221398,41.5517755804179,16.623019076471,22.3731532775404,1.61807192871098,9,2.40178969003766,26.7151674863483,2219.76116543686,26.6363214590306,68.3865324929242,94.9295004872619,17.5666007370024,60.2204983422782,123.008734877934,50.9026461408073,3149022555,3.96964693069458,20.1922221233425,48.8413208389234,NA
Lower middle income,LMC,2017,85.7349396681995,41.6636121221502,16.6778416566296,22.0723493644938,1.66163479492099,9,2.50448917831396,26.5847351267483,2301.63041161446,32.6211882623045,68.6411330020556,97.783874228722,16.4985801125818,61.8426991708482,124.787253140176,50.8969001323949,3194517542,3.96937417984009,20.0660832291481,48.9625848546661,NA
Lower middle income,LMC,2018,87.588194291194,41.6683001712334,16.6662057125331,21.8053115099881,1.73095549671914,9,2.64789611236752,26.4766769979751,2370.49066359826,NA,68.8696371531745,96.6163921230464,NA,NA,126.565005471734,50.8920291826618,3240031866,3.96575474739075,19.8838896952105,49.0780241985703,NA
Lower middle income,LMC,2019,89.0355255220612,NA,NA,21.5372509286201,NA,9,2.60827720037556,NA,2415.42496244682,NA,69.0884916733126,98.3038182355076,NA,NA,NA,50.8878434351222,3285416867,3.96718692779541,20.025337073568,49.3093890610472,NA
Lower middle income,LMC,2020,NA,NA,NA,NA,NA,NA,NA,NA,2283.90809737851,NA,NA,NA,NA,NA,NA,50.8840403839133,3330652547,3.97472643852234,21.841105033837,NA,NA
Middle income,MIC,1960,NA,NA,NA,34.3134141898795,1.65139337231849,NA,NA,NA,970.110006682816,NA,47.6974308261774,0,NA,NA,NA,50.4766316456815,2126448264,NA,NA,NA,NA
Middle income,MIC,1961,NA,34.5969176215598,10.0279304731657,33.3509164757601,1.55033961240784,NA,NA,NA,980.952706918211,NA,48.2231129805728,NA,NA,NA,27.1922361160393,50.4753119686066,2152809007,NA,NA,NA,NA
Middle income,MIC,1962,NA,34.746942113231,10.0783687067999,38.9538480378336,1.53050372056335,NA,NA,NA,996.426213360527,NA,48.8303297812635,NA,NA,NA,27.6918299141336,50.4799096772511,2192361842,NA,NA,NA,NA
Middle income,MIC,1963,NA,34.9217310416361,10.1915817067305,40.6264149407318,1.57813845107783,NA,NA,NA,1021.33139220791,NA,49.5477328777981,NA,NA,NA,28.3440426061451,50.4890147338763,2243997513,NA,NA,NA,NA
Middle income,MIC,1964,NA,35.0752688847016,10.2512383091832,39.0509406137857,1.6316951606676,NA,NA,NA,1073.61016636295,NA,50.3847082359392,NA,NA,NA,29.0002382594778,50.4969429015907,2295948515,NA,NA,NA,NA
Middle income,MIC,1965,NA,35.2704077145366,10.3404963127739,38.3731590561702,1.70724892153327,NA,NA,NA,1109.35045292514,NA,51.3067987798919,0,NA,NA,29.6762126451251,50.5043245723188,2349465399,NA,NA,NA,NA
Middle income,MIC,1966,NA,35.3775136909899,10.3420508861727,37.2266343429099,1.77907935716014,NA,NA,NA,1133.21720386658,NA,52.2655135632453,NA,NA,NA,30.3968295031193,50.5135281216327,2406516627,NA,NA,NA,NA
Middle income,MIC,1967,NA,35.5459317329519,10.424911122273,36.7282709761486,1.76477413583667,NA,NA,NA,1149.56770277891,NA,53.2111247542672,NA,NA,NA,31.1152186608895,50.5214036768843,2463391488,NA,NA,NA,NA
Middle income,MIC,1968,NA,35.7023028344167,10.4715691328068,36.9861443311492,1.81996974360677,NA,NA,NA,1197.55414772915,NA,54.1030752062799,NA,NA,NA,31.8530690442949,50.529060044428,2521807094,NA,NA,NA,NA
Middle income,MIC,1969,NA,35.9512897004719,10.6001959057271,36.2757426911909,1.90694935391259,NA,NA,NA,1265.76032528936,NA,54.9101252625038,NA,NA,NA,32.6200387955092,50.5369928188508,2582528080,NA,NA,NA,NA
Middle income,MIC,1970,NA,36.0959787048005,10.5758673956,35.8365790352849,2.05375175015196,NA,NA,NA,1336.51713980717,NA,55.6506017635596,0,NA,NA,33.4073786142294,50.5450597261329,2644861764,NA,NA,NA,NA
Middle income,MIC,1971,NA,36.2972383715889,10.564255521302,34.7634948264276,2.16411643893143,NA,NA,NA,1393.30049093382,NA,56.3126623785113,NA,NA,NA,34.2115602695304,50.5531262958174,2708528816,NA,NA,NA,NA
Middle income,MIC,1972,NA,36.4412108679485,10.5586665134694,34.2941890838527,2.2222967728475,NA,NA,NA,1454.90430339099,NA,56.911067422851,NA,NA,NA,35.0029423776091,50.5605287597711,2771182528,NA,NA,NA,NA
Middle income,MIC,1973,NA,36.7478324480496,10.7171863578033,33.5341439137401,2.29625401070488,NA,NA,NA,1529.68921492867,NA,57.4972295986772,NA,NA,NA,35.7925104078041,50.5677069474274,2833690114,NA,NA,NA,NA
Middle income,MIC,1974,NA,36.886260767018,10.6792853644534,32.4041314718203,2.32677332981045,NA,NA,NA,1591.22412495283,NA,58.0673174723703,NA,NA,NA,36.5751394362386,50.574715774632,2895649327,NA,NA,NA,NA
Middle income,MIC,1975,NA,37.046377625641,10.6859648327579,31.6658263343292,2.43124869275622,NA,NA,NA,1623.06641944384,NA,58.5889825018833,0,NA,NA,37.3404200212838,50.5814321212206,2956240605,NA,NA,NA,NA
Middle income,MIC,1976,NA,37.0109272098746,10.7522784617801,30.5530158107913,2.50656403731899,NA,NA,NA,1697.03388055597,NA,59.1085974349157,0,NA,NA,38.0974848786517,50.5879842402188,3016172468,NA,NA,NA,NA
Middle income,MIC,1977,NA,37.1834621842753,10.7231734637266,30.1212009944806,2.58168542166735,NA,NA,NA,1732.65796914137,NA,59.6005515326786,0,NA,NA,38.8466908765569,50.5946056828845,3075486612,NA,NA,NA,NA
Middle income,MIC,1978,NA,37.4071755776868,10.784822520002,29.7910793996433,2.67925320951543,NA,NA,NA,1750.36250428985,NA,60.0641375785647,0,NA,NA,39.6087473857472,50.601011406999,3135818510,NA,NA,NA,NA
Middle income,MIC,1979,NA,37.5956096543892,10.8386682872881,29.5170593864198,2.69347281487494,NA,NA,NA,1791.02436791255,NA,60.4784645690129,0,NA,NA,40.388991374595,50.6064342109807,3197590308,NA,NA,NA,NA
Middle income,MIC,1980,NA,37.8132943555751,10.8863380220583,29.5054992754602,2.69351997625294,NA,NA,NA,1833.1953398025,NA,60.8751758735799,0,NA,NA,41.1805841158114,50.6102157654708,3260260585,NA,NA,NA,NA
Middle income,MIC,1981,NA,37.8583994740694,10.8702432843046,30.1705865822429,2.62403556372095,NA,NA,NA,1830.05422920158,NA,61.2515803174966,0,NA,NA,41.9971549143305,50.6122504727357,3324908371,NA,NA,NA,NA
Middle income,MIC,1982,NA,38.1610384981149,11.051055444503,30.4189329316606,2.67841525070028,NA,NA,NA,1845.18388322939,NA,61.6163756955056,0,NA,NA,42.8556093546636,50.6134889517545,3392871650,NA,NA,NA,NA
Middle income,MIC,1983,NA,38.4238035664364,11.1323642665748,29.6449637428498,2.69534589411178,NA,NA,NA,1832.35009166728,NA,61.9406379683023,0,NA,NA,43.7267996051729,50.6144369313439,3461843641,NA,NA,NA,NA
Middle income,MIC,1984,NA,38.8179949537038,11.3973984783765,29.3090953579126,2.72680378113838,NA,NA,NA,1877.88692906218,NA,62.2380452926805,4.93883892564489e-5,NA,NA,44.5960938937377,50.6160270443696,3530665529,NA,NA,NA,NA
Middle income,MIC,1985,NA,39.2270484924213,11.6415040201217,29.3440307629098,2.85960504888611,NA,NA,NA,1924.70318347403,NA,62.5684741031802,5.64633518674584e-5,NA,NA,45.4803397980933,50.6198288952008,3600671134,NA,NA,NA,NA
Middle income,MIC,1986,NA,39.46461421165,11.7130239983753,29.4843833598438,2.87511267350159,NA,NA,NA,1962.46453422031,NA,62.9260558745061,4.48756896388215e-4,NA,NA,46.3887002522349,50.6263357920638,3672585884,NA,NA,NA,NA
Middle income,MIC,1987,NA,39.7005710264302,11.769098204972,29.3842315541523,2.90138747620696,NA,NA,NA,2012.59786938856,NA,63.2158385226299,0.00101858377501841,NA,NA,47.3205970056425,50.6348039504093,3746363999,NA,NA,NA,NA
Middle income,MIC,1988,NA,39.8293787551089,11.7584717621108,28.6767242544606,2.97120445929236,NA,NA,NA,2046.41392581568,NA,63.4854456533637,0.00187400012802693,NA,NA,48.2578230739843,50.6438516794758,3820564035,NA,NA,NA,NA
Middle income,MIC,1989,NA,40.0069619870789,11.7948585313709,27.9872066589893,2.94195415403309,NA,NA,NA,2072.31994470416,NA,63.7341588879911,0.00350832500280968,NA,NA,49.1843967465587,50.6518142623547,3893872030,NA,NA,NA,NA
Middle income,MIC,1990,NA,40.0343694789039,11.7896422405902,27.4061314815049,2.21825984238275,NA,NA,35.5504519235901,2075.3112040750502,0,63.9696104871915,0.00796209116049123,NA,NA,50.1165196062977,50.6582520254789,3967667123,NA,NA,65.9771344973935,26.9409275725878
Middle income,MIC,1991,NA,39.9942060330613,11.8291667998996,26.5565546721293,2.21371067784503,NA,2.30880393983674,35.5286448907076,2056.41864462495,3.69730947920726e-4,64.1997937760362,0.015968929285363,NA,NA,51.0070603150659,50.6619978841176,4038220702,NA,NA,65.8359689548245,27.099847906837
Middle income,MIC,1992,NA,36.6331721525961,11.3953732025968,25.7499855790336,2.16100514573318,NA,2.26696489235609,35.442074751596,2033.73307150056,0.00130603307365468,64.3615286082653,0.030827370202767,NA,NA,51.8732414357094,50.6638319761872,4106796121,NA,NA,65.8231327458172,27.8773485934942
Middle income,MIC,1993,NA,36.6429734398806,11.3534354434592,25.2794608503347,2.13388095745903,NA,2.21550471688534,35.3609594642095,2056.69283690499,0.00400790598996193,64.5156624734201,0.0601134329412813,NA,NA,52.7272804785197,50.6642464008706,4174215690,NA,NA,65.7429353114653,28.1412335257526
Middle income,MIC,1994,NA,36.7190441237662,11.3199089584466,24.8163038313066,2.08057846635197,NA,2.20111934864956,35.2834219444946,2075.65932299644,0.0110831455060046,64.7362883052892,0.128074583449493,NA,NA,53.5777496555309,50.6640430192755,4240915431,NA,NA,65.8413414212399,28.8036011762314
Middle income,MIC,1995,NA,36.7075885345094,11.3163132613757,24.2972382556217,2.14560097247862,NA,2.16531999413941,35.2019454010181,2116.25001857212,0.0346872984783741,64.9817103660551,0.258721329655198,NA,NA,54.4126011154434,50.6634728599901,4306838181,NA,NA,65.8709348230062,28.4426231068373
Middle income,MIC,1996,NA,36.7162187999467,11.2885204463837,23.9247099424858,2.13183267293228,NA,2.09170532496021,35.1193400729162,2188.42302451655,0.0827874890026842,65.2827332281894,0.459601477665869,NA,NA,55.2435605399471,50.6622899883777,4372587756,NA,NA,65.8447687844269,28.9627856587192
Middle income,MIC,1997,NA,36.9107168653311,11.3212293611327,23.5069089294216,2.12918907755789,NA,2.08361409268673,35.0362513496175,2257.85275361694,0.1659956556785,65.5919618214597,0.836488470398162,NA,NA,56.0719264602721,50.6604937899182,4438192507,NA,9.11554093284304,65.8249469314478,28.919990382991
Middle income,MIC,1998,NA,36.9506046853198,11.3186021882211,22.9851466752325,2.12408539818183,9,2.05875640607578,34.964913801472,2270.43532202088,0.378979479918524,65.8730985475862,1.34246133655753,NA,NA,56.9079997603818,50.6585765499341,4502894991,NA,12.0061541842958,65.8441796954653,29.072625290377
Middle income,MIC,1999,NA,37.0190127684708,11.3467225226309,22.444200062547502,2.09743168286306,9,2.07892798091887,34.8790961381736,2316.68414132947,0.760380065431166,66.1120975235043,2.40535141777413,NA,NA,57.7015916544127,50.6573923646087,4566082338,NA,12.1044907543293,65.8567039634596,29.2179078151733
Middle income,MIC,2000,78.0879171912479,37.0077636823243,11.304508443309,22.0988215952435,2.1526174431555,9,2.04704832962052,34.8056503081082,2418.09390428446,1.54746753157264,66.3799359429584,4.38671937138612,25.3765588358138,48.8854672881539,58.5027071754227,50.6574116639098,4628232414,5.41000413894653,12.0234604105572,65.8776196726551,28.8333811894166
Middle income,MIC,2001,77.2353148392848,37.0076820324379,11.2779129301697,21.7119102094651,2.1922096389994,9,2.11659836866794,34.7526449694806,2468.42178208125,2.20162471850003,66.6574203156175,6.9037255528863,24.3040173001346,50.0304894505144,59.2717341442094,50.6588836476316,4689019618,5.5164270401001,12.438370846731,65.6989150029687,28.3631244762704
Middle income,MIC,2002,78.9531549407625,37.054128271298,11.2834117920747,21.3974025269289,2.25368844205581,9,2.14981626553188,34.7004523330517,2549.78978452609,3.710761245963,66.9353618287,9.68274162334873,23.3879759526443,51.4768996402878,60.0302611020299,50.6614184933409,4748863462,5.59452629089355,13.7015859316,65.5884349412456,28.0480212932174
Middle income,MIC,2003,79.7642181753794,36.9296151395392,11.3403387197203,21.1088418939311,2.40427396932526,9,2.16453378871713,34.6472180156541,2659.71482982699,4.86730272326156,67.2217862023511,13.2150270286957,22.4634095838988,52.9256908052675,60.7836359984094,50.6643518957686,4808439643,5.64218854904175,13.5913636137506,65.5429370277589,27.0142206580537
Middle income,MIC,2004,80.0970362640722,37.0162119955153,11.3753242754348,20.9159632144665,2.58072368020086,9,2.21437597693448,34.5944800669976,2825.96205934555,6.25934491684136,67.5314477886073,18.3332142333421,21.5364027853122,54.3702627080016,61.5352476871928,50.6671997497358,4867805919,5.66508102416992,14.384808382939,65.3725197219448,25.5316210582671
Middle income,MIC,2005,80.7699056221219,36.8631038404529,11.3995047393215,20.7552028536191,2.73406094116104,9,2.23182655151185,34.5410678126422,2984.08694358018,7.40110069526471,67.8316341309087,25.1225273804134,20.606866616354,55.8194016401312,62.2859953518989,50.6696099762884,4927197493,5.66895914077759,14.5458879618594,65.2886776933637,24.7468168211925
Middle income,MIC,2006,81.9213266197544,36.9102042209436,11.4216699654799,20.5170535481077,2.89152415153507,9,2.24253965072078,34.4924582703825,3179.13795074463,9.02901099501671,68.178633277868,33.3350347302049,19.5309571207691,57.2635840727768,63.0370034992071,50.6714878912275,4986384065,5.65646743774414,15.0710900473934,64.9623356187481,24.0766948544292
Middle income,MIC,2007,82.3384775534502,36.9948247345927,11.4517587228386,20.3906919414482,3.03801322722642,9,2.23179917336058,34.4397634900943,3406.97661490373,11.8134414551031,68.5238104508218,42.6611402623725,18.6076632578982,58.7072758775067,63.7820114089362,50.6727591227458,5045297678,5.64187622070313,16.1609467455621,64.8201730118911,23.1122696446448
Middle income,MIC,2008,83.3398559607149,37.0060090681512,11.4339571581588,20.2523396072697,3.09996549764333,9,2.27950047884255,34.3874135447957,3555.62383830732,14.5783812584388,68.8593290057459,53.1955752780122,17.6804546757691,60.1477691540664,64.5344710913203,50.6729493193337,5104749071,5.63324165344238,17.1049580260656,64.4125410921923,22.662049318434
Middle income,MIC,2009,84.4696685361699,37.0673117265363,11.4073765009576,20.0595918166215,3.1457667406422,9,2.31605565366037,34.3356797259478,3598.11878357897,17.44028351415,69.2206342856757,62.9467015576443,16.7488268876929,61.5853562634549,65.2960445990096,50.6715693180622,5164826856,5.63306617736816,17.983638773365,64.2008858589611,22.6639380138082
Middle income,MIC,2010,85.1517930689631,37.2250948476338,11.4508086234116,19.798818024921,3.34479374509756,9,2.26087241578649,34.2828464619451,3824.78622167629,21.423088894823,69.5597501352669,73.5546883220937,15.8134782609747,63.0199409399649,66.062566558586,50.6685039350414,5225459282,5.64546251296997,17.9306263656227,63.7918708702006,21.9581468210009
Middle income,MIC,2011,83.7715875821163,37.2694564549837,11.4845142240168,19.6088483494894,3.53588160204019,9,2.28551995455876,34.2361017176955,4008.4800880331,24.5427626067553,69.9136160341661,82.0851680125903,14.8730674846032,64.4469581405465,66.8386247148011,50.6634875699798,5286883542,5.66277694702148,18.3989525013545,63.4728131890555,21.1585614310038
Middle income,MIC,2012,86.9197164834252,37.3400482424977,11.5240875339627,19.4802435764486,3.60187547775716,9,2.35880387725333,34.1898241964898,4166.57622105258,27.9407272482672,70.2427865801513,86.6980153330687,13.9341841269285,65.865966836438,67.6212852330028,50.656836095476,5348757979,5.68179988861084,19.6844747221226,63.1828403105235,21.2583280169141
Middle income,MIC,2013,87.2864305828859,37.412198848569,11.5302993092852,19.2834263679297,3.65632572987105,9,2.3567114128754,34.1444819191004,4332.54586533906,30.8511482781677,70.5652927985859,91.7492711565582,12.9923816506496,67.3008815765672,68.4158568947785,50.6491490419168,5411425495,5.70545101165771,20.5770125639833,62.9965389011249,21.2669595625973
Middle income,MIC,2014,88.0138119604734,37.3896529368987,11.5150299469046,19.1748066821904,3.65449902366368,9,2.40033606350905,34.0986378917764,4480.00398007499,34.5265728514631,70.8567291205716,95.1066574695541,12.0633416868,68.7168407050141,69.2140932948007,50.6415446946356,5474458691,5.73021125793457,21.2914961346066,62.8523466339095,21.2426866736477
Middle income,MIC,2015,89.4782365661398,37.4451436521274,11.5511520009602,18.876134707187,3.6006132237466,10,2.45407826998093,34.0443266863738,4605.24744021321,36.4068194503304,71.1357671983716,96.32697374029,11.2088761380597,70.110728721966,69.9962293803306,50.6345330526277,5537592502,5.74069499969482,21.5919024614677,62.8141604151727,21.3451534430848
Middle income,MIC,2016,90.5319637866537,37.4866218441587,11.5921387896533,18.8893543556412,3.57776456369753,10,2.50263945249146,33.9886939025355,4748.5503597526,39.5162014853383,71.3966871625879,100.679978754856,10.2852612501728,71.4904638495643,70.740673822687,50.6284134998734,5601151400,5.76614618301392,21.9884688173936,62.763259000819,NA
Middle income,MIC,2017,91.6343616956736,37.6100075184278,11.6878089502765,18.5396172732754,3.62384048525191,10,2.5909728919457,33.9327386244594,4927.71229841494,44.4169975820349,71.6450335323417,103.652947833694,9.5922731026438,72.6790939796927,71.5446095826487,50.6229975496083,5664768985,5.80173683166504,22.2884333170276,62.7101986792761,NA
Middle income,MIC,2018,92.6459984331094,37.6054941627779,11.6815382838175,17.9911115890338,3.69823452024663,10,2.68595564255911,33.8950692021335,5095.16621244226,NA,71.8531277650244,105.969849855353,NA,NA,72.3341334008137,50.6179254207395,5726499645,5.83199501037598,22.8581633108621,62.6382579919075,NA
Middle income,MIC,2019,93.5051687231702,NA,NA,17.6907639396741,NA,10,2.66811773116976,NA,5226.98579986771,NA,72.050865239648,108.609506540408,NA,NA,NA,50.6128287046254,5786162963,5.86140966415405,23.2691717455167,62.6332333557126,NA
Middle income,MIC,2020,NA,NA,NA,NA,NA,NA,NA,NA,5075.10870058181,NA,NA,NA,NA,NA,NA,50.6075627371192,5844325339,5.88793992996216,24.2738681211476,NA,NA
Upper middle income,UMC,1960,NA,NA,NA,26.7247601889242,2.5732905493115,NA,NA,NA,1243.13485827763,NA,49.8716022425317,0,NA,NA,NA,50.2535937461225,1136464260,NA,NA,NA,NA
Upper middle income,UMC,1961,NA,NA,NA,24.9859890271237,2.40843190694662,NA,NA,NA,1259.63879435449,NA,50.3888936610585,NA,NA,NA,21.2592310214187,50.2330995890379,1140113724,NA,NA,NA,NA
Upper middle income,UMC,1962,NA,NA,NA,35.8292787348038,2.37011566340914,NA,NA,NA,1287.45084908669,NA,51.0444749520592,NA,NA,NA,21.5589420701599,50.2283286896949,1156186962,NA,NA,NA,NA
Upper middle income,UMC,1963,NA,NA,NA,39.2878269870075,2.43556304462173,NA,NA,NA,1309.19585828814,NA,51.8967392475754,NA,NA,NA,22.0701791940848,50.2359994780241,1183604156,NA,NA,NA,NA
Upper middle income,UMC,1964,NA,NA,NA,36.5762270664928,2.52333106867603,NA,NA,NA,1383.27086538599,NA,52.9875423299185,NA,NA,NA,22.574478929486,50.2417176609339,1210649304,NA,NA,NA,NA
Upper middle income,UMC,1965,NA,NA,NA,35.5734855545929,2.63016990506063,NA,NA,NA,1441.34560653596,NA,54.2550970265406,0,NA,NA,23.0958997756331,50.2462307209651,1238612642,NA,NA,NA,NA
Upper middle income,UMC,1966,NA,NA,NA,33.6805187167866,2.74121538655616,NA,NA,NA,1487.24257471086,NA,55.6084642730492,NA,NA,NA,23.6710822595354,50.2542819428637,1269459169,NA,NA,NA,NA
Upper middle income,UMC,1967,NA,NA,NA,33.009906551786,2.72141280550432,NA,NA,NA,1508.44006992161,NA,56.9664382868956,NA,NA,NA,24.2306615022579,50.2594680466116,1299468908,NA,NA,NA,NA
Upper middle income,UMC,1968,NA,NA,NA,33.7703674365154,2.78900997784378,NA,NA,NA,1569.63510637106,NA,58.2466700238575,NA,NA,NA,24.8064698402439,50.2646819457496,1330348999,NA,NA,NA,NA
Upper middle income,UMC,1969,NA,NA,NA,32.6833640330717,2.9326500926657,NA,NA,NA,1647.90468207826,NA,59.3825609937458,NA,NA,NA,25.4125843287286,50.2715947062627,1362854382,NA,NA,NA,NA
Upper middle income,UMC,1970,NA,NA,NA,32.1061759179537,3.14904706971871,NA,NA,NA,1733.05713563403,NA,60.3991366517034,0,NA,NA,26.035829810651,50.2801381271235,1396278485,NA,NA,NA,NA
Upper middle income,UMC,1971,NA,NA,NA,30.3213622583428,3.31998470402585,NA,NA,NA,1809.78649708872,NA,61.2585083827195,NA,NA,NA,26.6705851601427,50.2900122260986,1430319852,NA,NA,NA,NA
Upper middle income,UMC,1972,NA,NA,NA,29.676969598695,3.41881306434331,NA,NA,NA,1897.35069520389,NA,61.9854474491242,NA,NA,NA,27.2725168646269,50.2992785470966,1462600916,NA,NA,NA,NA
Upper middle income,UMC,1973,NA,NA,NA,28.4763496554026,3.51192590820952,NA,NA,NA,2013.92814345187,NA,62.6688252780279,NA,NA,NA,27.8569831118224,50.3087110382781,1493945323,NA,NA,NA,NA
Upper middle income,UMC,1974,NA,NA,NA,26.5630048916102,3.55991694921146,NA,NA,NA,2105.37495676859,NA,63.3032391880852,NA,NA,NA,28.4153149910327,50.3180675218296,1523888167,NA,NA,NA,NA
Upper middle income,UMC,1975,NA,NA,NA,25.3732216681613,3.75203797459821,NA,NA,NA,2172.6293277001,NA,63.8348634708437,0,NA,NA,28.9312918526317,50.3267554478188,1551563310,NA,NA,NA,NA
Upper middle income,UMC,1976,NA,NA,NA,23.4359920608442,3.87033552679576,NA,NA,NA,2258.44613723449,NA,64.3597376513096,0,NA,NA,29.4186682736009,50.3350433619406,1577700939,NA,NA,NA,NA
Upper middle income,UMC,1977,NA,NA,NA,22.7694437937734,3.99277006002255,NA,NA,NA,2322.17829408081,NA,64.8451061364659,0,NA,NA,29.8778292824395,50.3433498694447,1602325098,NA,NA,NA,NA
Upper middle income,UMC,1978,NA,NA,NA,22.2776494253948,4.16393059548196,NA,NA,NA,2393.28045532022,NA,65.2984129933466,0,NA,NA,30.3368528254571,50.3512644895018,1626942179,NA,NA,NA,NA
Upper middle income,UMC,1979,NA,NA,NA,21.8976178845876,4.1959739269936,NA,NA,NA,2515.23823396083,NA,65.6870070562365,0,NA,NA,30.8004518207364,50.3572485568561,1651804638,NA,NA,NA,NA
Upper middle income,UMC,1980,NA,NA,NA,22.0259738860824,4.22421765237848,NA,NA,NA,2646.50031985547,NA,66.0788411900918,0,NA,NA,31.256765181468,50.3597931973158,1676276374,NA,NA,NA,NA
Upper middle income,UMC,1981,NA,NA,NA,23.5070616831627,4.12631840626095,NA,NA,NA,2655.92660276917,NA,66.4568741879785,0,NA,NA,31.7246281384515,50.3590654982076,1701367506,NA,NA,NA,NA
Upper middle income,UMC,1982,NA,NA,NA,24.2110755153512,4.22527597232732,NA,NA,NA,2659.16833776363,NA,66.831289132874,0,NA,NA,32.2333182930262,50.3566633354224,1728647847,NA,NA,NA,NA
Upper middle income,UMC,1983,NA,NA,NA,22.923221494916,4.25135754638195,NA,NA,NA,2622.79848272669,NA,67.1369536418282,0,NA,NA,32.7415218985828,50.352922366486,1755902412,NA,NA,NA,NA
Upper middle income,UMC,1984,NA,NA,NA,22.588429150791,4.31228357537283,NA,NA,NA,2736.44914463922,NA,67.3961106558938,0,NA,NA,33.2330280035378,50.3487727074204,1782261503,NA,NA,NA,NA
Upper middle income,UMC,1985,NA,NA,NA,23.0726955222198,4.54407046000092,NA,NA,NA,2830.02996797668,NA,67.7183530198912,0,NA,NA,33.7377431193112,50.3470931841943,1809328983,NA,NA,NA,NA
Upper middle income,UMC,1986,NA,NA,NA,23.7896916860093,4.5802171718037,NA,NA,NA,2923.57696295369,NA,68.0882951146251,6.46063478020168e-4,NA,NA,34.2696302299657,50.34897503733,1837853676,NA,NA,NA,NA
Upper middle income,UMC,1987,NA,NA,NA,24.1412359262457,4.62450910702087,NA,NA,NA,3028.10290299468,NA,68.3020866328334,0.00154354389595188,NA,NA,34.8286687683566,50.3534938129318,1867834479,NA,NA,NA,NA
Upper middle income,UMC,1988,NA,NA,NA,23.310369104543,4.7332691551632,NA,NA,NA,3077.9687977405,NA,68.4908972788362,0.00309752110809672,NA,NA,35.3908344263941,50.3588795820551,1897982987,NA,NA,NA,NA
Upper middle income,UMC,1989,NA,NA,NA,22.5500740462973,4.69050093789009,NA,NA,NA,3104.42628304911,NA,68.6318232722179,0.00612563530450104,NA,NA,35.9353954672459,50.3630753276622,1927151797,NA,NA,NA,NA
Upper middle income,UMC,1990,NA,NA,NA,21.9586372398584,3.36975247448059,NA,NA,38.4845611626401,3091.45644512527,0,68.7605312562185,0.0146386688589143,NA,NA,36.4535909759773,50.3657868002394,1954941707,NA,NA,78.0095565714674,19.5775898842564
Upper middle income,UMC,1991,NA,NA,NA,20.8441511604166,3.35620171642236,NA,2.34239507824194,38.4263780293041,3058.02458455956,7.46778107490527e-4,68.8782041070645,0.0281773871438122,NA,NA,36.9531141114382,50.3650349118809,1981740967,NA,NA,77.9241983984508,19.7638409158869
Upper middle income,UMC,1992,NA,35.0169337149486,9.25805379954596,19.7873794828616,3.28950519813269,NA,2.28002442870726,38.364675709226,3013.96898624156,0.00260009753307722,68.895995694243,0.0563086941833068,NA,NA,37.4182315179885,50.3621032562303,2006684527,NA,NA,77.8724683386769,20.3824270770071
Upper middle income,UMC,1993,NA,35.0411339576933,9.17477595680617,19.4289022092909,3.27576889264569,NA,2.20501708510269,38.3088842778167,3077.93950980091,0.00802478648769913,68.8935325308939,0.111079598297857,NA,NA,37.8698368371639,50.3575376371475,2030763714,NA,NA,77.76442400929,20.3861851184469
Upper middle income,UMC,1994,NA,35.1020131913547,9.11727300398479,19.0641985714401,3.20514164054224,NA,2.18198761559506,38.2538843481103,3124.52453360091,0.02126995939952,69.0364841759244,0.242925215896652,NA,NA,38.3148921940057,50.3523842840574,2054445439,NA,NA,77.8423848875958,20.9853267669264
Upper middle income,UMC,1995,NA,35.0268814506347,9.07078605924908,18.5276342211212,3.32161287326658,NA,2.21079958140894,38.1975348918083,3188.15125275603,0.0531969285244872,69.244279162307,0.48210490500518,NA,NA,38.7442945341275,50.3471227936966,2077356482,NA,NA,78.0062642269333,20.6788539993453
Upper middle income,UMC,1996,NA,34.9943553764808,9.02538118635077,18.2728842573632,3.31081383699797,NA,2.17085388238448,38.1393791497253,3301.6469433886,0.127110975488528,69.5499661825529,0.837169025939067,NA,NA,39.1657737793382,50.3416342637633,2099939308,NA,NA,78.0248692260315,21.2785633755243
Upper middle income,UMC,1997,NA,35.030488031091,9.04130686836883,17.8780883857715,3.29226074593273,NA,2.22525632630561,38.08044822067,3438.30319495828,0.265398556628348,69.8596830210803,1.53022812696135,NA,NA,39.5820605123144,50.3359073553343,2122286538,NA,NA,78.1221625401119,21.299675740028
Upper middle income,UMC,1998,NA,35.0467859924822,9.01651903045293,17.222565600542,3.2973085011436,9,2.23523847599013,38.040390983362,3486.02484171099,0.622937484672874,70.1425692900726,2.51202236733293,NA,NA,40.0023101993509,50.3302406487894,2143782967,NA,15.1731058705469,78.0859082003872,21.2563849531535
Upper middle income,UMC,1999,NA,35.0511256063562,9.00797145446582,16.4829874138542,3.20965952005939,9,2.22368592923123,37.9770866779075,3564.88191759886,1.29662674212534,70.3476230504876,4.50966716078382,NA,NA,40.3734855070595,50.3254151575088,2163950269,NA,15.2862762237762,78.2374903508469,21.6070081865089
Upper middle income,UMC,2000,95.3720035497564,34.9937172905076,8.96747404158451,16.1102860607569,3.33037702370152,9,2.25704744425024,37.9237142023946,3756.04105174506,2.56468337427005,70.5965774323443,8.11718460298415,3.93306176886437,65.500236773919,40.736900682337,50.3219905573868,2183135807,6.74804067611694,15.1434968451048,78.3074799915762,21.0288844140864
Upper middle income,UMC,2001,95.9095076939896,34.938087569545,8.95740870944265,15.6174654702403,3.40917872164365,9,2.27632395176429,37.8831214392211,3844.88997963511,3.68732870081039,70.8608056404644,12.4922570677172,3.75159889877712,66.2073894401864,41.0731499225739,50.3202942045191,2201118779,6.87664651870728,15.1713661824741,78.2091860330622,20.4179111074317
Upper middle income,UMC,2002,96.3296215744109,34.9702004450268,8.94317127181803,15.2294189329098,3.53202117082133,9,2.30519478049566,37.8434280046283,3987.3702571207,6.04734267595565,71.1083917225749,17.2848412914378,3.52435848436743,67.6513688748723,41.3932688466996,50.3200349810961,2218183948,7.00961780548096,16.5252121817274,78.2496568053198,20.1697754357747
Upper middle income,UMC,2003,96.5841384108804,34.99826715586,8.95081427771157,14.906205549102,3.8328406393762,9,2.32645698380019,37.8021088389986,4168.30815073866,7.94455575762123,71.3688027156087,22.679537075766,3.29996140062315,69.0820765129011,41.7056129416889,50.3205181880716,2234927005,7.14391565322876,16.5257422021796,78.1436455128921,19.0138931937061
Upper middle income,UMC,2004,96.8568816910856,35.0238495448646,8.9704056831915,14.7600021764633,4.18612154481307,9,2.36064586774545,37.7606578553633,4465.74630497979,10.006518552883,71.6630457105378,30.3015962704035,3.07953792097047,70.494721325607,42.0118063457662,50.3214468929947,2251348403,7.28124618530273,17.5496994914471,77.9820909678979,17.5523457606001
Upper middle income,UMC,2005,97.1238446656942,35.1098102506241,9.02594482729377,14.7202071200281,4.50261405771631,9,2.41263865616359,37.7193787809632,4751.36207226046,11.63543003836,71.9222908429557,39.2133799293086,2.86365472326896,71.9042959573081,42.3157337820801,50.3226699256978,2267638257,7.41636657714844,16.7495420047108,77.8301342538605,16.766743488369
Upper middle income,UMC,2006,97.5641200066854,35.1462607561683,9.07631302364839,14.4913195552161,4.80748539750568,9,2.46255258747515,37.6854809215667,5109.99372044836,14.2077317224854,72.2585812692936,47.5666844504948,2.63160919230964,73.2968232075636,42.6150169616769,50.3239558446743,2283522019,7.55024528503418,17.5528674614916,77.6430533815151,16.2179512422549
Upper middle income,UMC,2007,97.6308544383161,35.208620701624596,9.10204292929368,14.520240949888,5.06730898180024,9,2.41677000541737,37.6453103395715,5531.65825098816,19.0042885980032,72.5759231989945,56.7959227507002,2.42693248484861,74.6601372926599,42.9020891746409,50.3250463080005,2298891545,7.67088651657104,18.4699267336855,77.4060730606045,15.381963194576
Upper middle income,UMC,2008,97.9237349804202,35.1599507489399,9.05753238670791,14.5401099217074,5.19650966988452,9,2.45431893212496,37.6055281744634,5830.63454338003,23.8559256849392,72.8646923284688,66.2040802406611,2.22666052771252,76.0023677686226,43.1948749419227,50.3253060186455,2314543121,7.77830743789673,19.1138588356517,77.0414232470115,14.9607148778291
Upper middle income,UMC,2009,98.2317457003281,35.1761741205317,9.04110946109957,14.4803648855942,5.27842716023563,9,2.45638494893839,37.5668895016344,5886.55196124184,28.9972918942899,73.1898974344384,74.2995499149423,2.03038122727217,77.322127788582,43.4957034923196,50.3240500668151,2330554141,7.87676477432251,19.80491942324,76.9364438489156,14.9785030986212
Upper middle income,UMC,2010,98.7629519093254,35.3887703866283,9.10838261535592,14.2981128128108,5.67965061976719,9,2.43575819251206,37.5264547612797,6306.62840312612,34.5219982069128,73.4707278290557,82.1014253661878,1.83838902065488,78.6187636056114,43.7948179310878,50.3211660943212,2346583878,7.9803900718689,19.7924576056694,76.5466176286834,14.4408003636869
Upper middle income,UMC,2011,98.8416800576158,35.3867261111374,9.09980320883565,14.2615604773022,6.05641130165718,9,2.40430197831047,37.5150868291253,6666.45484021087,38.8790361026027,73.807628348653,89.2975056352776,1.65036863789614,79.8865728351112,44.1049118202743,50.3161331931517,2363223603,8.07229995727539,20.5531167690957,76.4782185261613,13.5090375156377
Upper middle income,UMC,2012,99.0194305942437,35.4486265411125,9.11255761810342,14.3463569372874,6.17302289972549,9,2.4510971063554,37.5043556414988,6984.34366228253,43.5351855177544,74.1166736359666,96.2779247774691,1.46808100815847,81.1291213515734,44.4278978569902,50.3091592066116,2380514071,8.14492321014404,21.3906490837472,76.4588317085178,13.6082592395515
Upper middle income,UMC,2013,99.0901973268803,35.5092954564773,9.12949321393729,14.2611230055285,6.31004358152585,10,2.48516814177847,37.4951904667821,7296.93118439942,46.7831026566855,74.4335806939409,103.584072038676,1.28491999643153,82.3994556489369,44.7608490669315,50.3008781645766,2398238099,8.21327018737793,22.3678610945612,76.2973917619342,13.6269756716502
Upper middle income,UMC,2014,99.1298402241582,35.4672555664305,9.11881883430239,14.3663056285171,6.24646053799776,10,2.49955545274485,37.4844214741331,7552.51138942728,49.3894526897071,74.711444364071,105.811955275507,1.11377922582396,83.6366366870191,45.096525671583,50.2922256966888,2416209716,8.27919673919678,22.7021817225971,76.087223257587,13.8094238798565
Upper middle income,UMC,2015,98.9017154807017,35.512191756079,9.15409999812126,14.0316493821384,6.15086708921126,10,2.553796497112,37.4733822602945,7769.94762188333,53.1615800141208,74.9941051693109,105.58417463348,0.923163815523339,84.8289628975146,45.4289280782463,50.2837957368924,2434023245,8.31461524963379,23.0399572839726,76.0368418976673,14.0337302442878
Upper middle income,UMC,2016,99.1860046472913,35.5438885913064,9.18788435500082,14.4151040069864,6.09438250692018,10,2.59894139223816,37.4647055249717,7996.02781440498,55.7860692123018,75.2626351929368,107.944152749441,0.758357723454175,85.9742680889607,45.7668908631885,50.2759604222256,2452128845,8.3569393157959,23.7460815047022,75.9729229199153,NA
Upper middle income,UMC,2017,99.2636382720753,35.6732618757813,9.30365201886514,13.9709763705535,6.16138757392797,10,2.67447678200632,37.4434939021879,8323.75852412533,58.7581547608741,75.5299725885325,111.12102695824,0.606799502618027,86.958029186805,46.1053365026138,50.2685028014744,2470251443,8.45679378509521,24.4928691646736,75.8937643016627,NA
Upper middle income,UMC,2018,99.2367985482626,35.6643509350279,9.29994319396427,13.0205631630738,6.26183680415772,10,2.72309694348808,37.4394574298574,8645.60797604397,NA,75.7411212818632,117.957002019949,NA,NA,46.4174022602613,50.2604634251494,2486467779,8.5649938583374,25.7406593406593,75.7857810369791,NA
Upper middle income,UMC,2019,99.3774026100431,NA,NA,12.6369475147719,NA,10,2.72768763065007,NA,8920.75069143939,NA,75.9430640769942,121.710392465274,NA,NA,NA,50.2512340896634,2500746096,8.67197418212891,26.3184756719973,75.756352018415,NA
Upper middle income,UMC,2020,NA,NA,NA,NA,NA,NA,NA,NA,8773.87528794229,NA,NA,NA,NA,NA,NA,50.2409380378644,2513672792,8.76482582092285,26.5045902754165,NA,NA
